month,records,days,platforms,avg_revenue,total_revenue
2025-10,2028,4,16,75243474.9852071,152593767270
2025-09,12339,30,16,101435746.4515763,1251615675466
2025-08,12523,31,16,81008726.1561926,1014472277654
2025-07,10272,28,16,110549627.9442173,1135565778243
