month,records,days,platforms,avg_revenue,total_revenue
2026-07,1896,4,16,96919453.00632912,183759282900
2026-06,14043,30,16,97202115.03175959,1365009301391
2026-05,14920,31,22,93990060.55589813,1402331703494
2026-04,13760,27,16,86211574.85981105,1186271270071
