month,records,days,platforms,avg_revenue,total_revenue
2026-02,3390,7,16,96997936.04926254,328823003207
2026-01,15315,31,16,102378753.14116879,1567930604357
2025-12,14286,31,16,110790309.70292594,1582750364416
2025-11,11648,24,16,108256850.63607486,1260975796209
