month,records,days,platforms,avg_revenue,total_revenue
2026-05,1012,2,16,106782097.29150197,108063482459
2026-04,15334,30,16,84773371.19636104,1299914873925
2026-03,15849,31,16,90521487.88018171,1434675061413
2026-02,13921,27,16,96697000.00624955,1346118937087
