month,records,days,platforms,avg_revenue,total_revenue
2026-06,2843,6,16,90155181.34540978,256311180565
2026-05,14920,31,22,93990060.55589813,1402331703494
2026-04,15354,30,16,84715384.57242413,1300720014725
2026-03,13304,26,16,90906148.59899278,1209415400961
