month,records,days,platforms,avg_revenue,total_revenue
2026-03,3480,7,16,97190738.69741379,338223770667
2026-02,13934,28,16,97613119.755849,1360141210678
2026-01,15350,31,16,104848536.42149837,1609425034070
2025-12,11475,25,16,114485078.85891068,1313716279906
