month,records,days,platforms,avg_revenue,total_revenue
2026-04,2105,4,16,80246712.45320664,168919329714
2026-03,15849,31,16,90521487.88018171,1434675061413
2026-02,14387,28,16,98910194.81705706,1423020972833
2026-01,14232,28,16,101219348.29328275,1440553764910
