month,records,days,platforms,avg_revenue,total_revenue
2025-11,490,1,16,123758829.6122449,60641826510
2025-10,15662,31,16,91715553.85474397,1436449004473
2025-09,12339,30,16,101435746.4515763,1251615675466
2025-08,12523,31,16,81008726.1561926,1014472277654
