month,records,days,platforms,avg_revenue,total_revenue
2025-12,2834,6,16,104670730.22688779,296636849463
2025-11,14653,30,16,105526208.31413363,1546275530427
2025-10,15662,31,16,91715553.85474397,1436449004473
2025-09,10250,25,16,104538135.91990244,1071515893179
