month,records,days,platforms,avg_revenue,total_revenue
2026-01,1577,3,16,141478739.719721,223111972538
2025-12,14286,31,16,110790309.70292594,1582750364416
2025-11,14653,30,16,105526208.31413363,1546275530427
2025-10,14642,29,16,93665313.56529163,1371447521223
